/* POBLANDO TABLA maker */
insert into maker (id, name) values (1, 'Mission Hills S.A de C.V');
insert into maker (id, name) values (2, 'CVS Pharmacy');
insert into maker (id, name) values (3, 'Mylan Institutional Inc.');
insert into maker (id, name) values (4, 'Northwind Pharmaceuticals');
insert into maker (id, name) values (5, 'Aidance Skincare & Topical Solutions, LLC');
insert into maker (id, name) values (6, 'AMI Cosmetic Co.,Ltd.');
insert into maker (id, name) values (7, 'WOONSOCKET PRESCRIPTION CENTER,INCORPORATED');
insert into maker (id, name) values (8, 'GREENBRIER INTERNATIONAL, INC.');
insert into maker (id, name) values (9, 'Coty US LLC');
insert into maker (id, name) values (10, 'Clinical Solutions Wholesale');

/* POBLANDO TABLA category */
insert into category (id, name) values (1, 'Granite');
insert into category (id, name) values (2, 'Aluminum');
insert into category (id, name) values (3, 'Plastic');
insert into category (id, name) values (4, 'Brass');
insert into category (id, name) values (5, 'Gold');
insert into category (id, name) values (6, 'Steel');
insert into category (id, name) values (7, 'Wood');
insert into category (id, name) values (8, 'Vinyl');
insert into category (id, name) values (9, 'Plexiglass');
insert into category (id, name) values (10, 'Adamantium');

/* POBLANDO TABLA productos */
insert into productos (id, name, description, category_id, price, maker_id, image) values (1, 'Severe Daytime', 'Resection of Right Tibia, Open Approach', 10, 857.46, 8, 'http://dummyimage.com/800x800.jpg/cc0000/ffffff');
insert into productos (id, name, description, category_id, price, maker_id, image) values (2, 'hydroxyzine pamoate', 'Excision of Left Renal Artery, Percutaneous Approach, Diagnostic', 4, 780.73, 10, 'http://dummyimage.com/800x800.bmp/cc0000/ffffff');
insert into productos (id, name, description, category_id, price, maker_id, image) values (3, 'Cilostazol', 'Insertion of Monitoring Device into Bladder, Percutaneous Endoscopic Approach', 6, 1581.91, 4, 'http://dummyimage.com/800x800.png/5fa2dd/ffffff');
insert into productos (id, name, description, category_id, price, maker_id, image) values (4, 'Focalin', 'Drainage of Sacral Plexus, Open Approach, Diagnostic', 2, 1848.97, 9, 'http://dummyimage.com/800x800.bmp/5fa2dd/ffffff');
insert into productos (id, name, description, category_id, price, maker_id, image) values (5, 'Midol Complete', 'Supplement Ampulla of Vater with Autologous Tissue Substitute, Percutaneous Approach', 4, 1251.58, 6, 'http://dummyimage.com/800x800.png/dddddd/000000');
insert into productos (id, name, description, category_id, price, maker_id, image) values (6, 'Zodryl DEC 25', 'Bypass Upper Esophagus to Duodenum with Nonautologous Tissue Substitute, Open Approach', 7, 525.96, 3, 'http://dummyimage.com/800x800.bmp/dddddd/000000');
insert into productos (id, name, description, category_id, price, maker_id, image) values (7, 'Dr. Dream Advanced Facial Treatment Toner', 'Resection of Right Middle Lung Lobe, Percutaneous Endoscopic Approach', 7, 759.21, 10, 'http://dummyimage.com/800x800.bmp/ff4444/ffffff');
insert into productos (id, name, description, category_id, price, maker_id, image) values (8, 'Mirtazapine', 'Anthropometric Characteristics Assessment', 4, 1333.58, 1, 'http://dummyimage.com/800x800.bmp/dddddd/000000');
insert into productos (id, name, description, category_id, price, maker_id, image) values (9, 'TRAMADOL HYDROCHLORIDE AND ACETAMINOPHEN', 'Computerized Tomography (CT Scan) of Left Pelvic (Iliac) Veins using High Osmolar Contrast', 5, 1484.54, 8, 'http://dummyimage.com/800x800.jpg/dddddd/000000');
insert into productos (id, name, description, category_id, price, maker_id, image) values (10, 'Burrobrush', 'Introduction of Other Anti-infective into Male Reproductive, Via Natural or Artificial Opening Endoscopic', 5, 1384.26, 1, 'http://dummyimage.com/800x800.bmp/5fa2dd/ffffff');
insert into productos (id, name, description, category_id, price, maker_id, image) values (11, 'Oxymorphone hydrochloride', 'Replacement of Right Shoulder Tendon with Synthetic Substitute, Percutaneous Endoscopic Approach', 6, 1223.96, 2, 'http://dummyimage.com/800x800.jpg/dddddd/000000');
insert into productos (id, name, description, category_id, price, maker_id, image) values (12, 'LBEL COULEUR LUXE AMPLIFIER XP', 'Replacement of Left Tympanic Membrane with Nonautologous Tissue Substitute, Via Natural or Artificial Opening', 7, 654.03, 4, 'http://dummyimage.com/800x800.jpg/cc0000/ffffff');
insert into productos (id, name, description, category_id, price, maker_id, image) values (13, 'SkinPerfect Primer', 'Insertion of External Fixation Device into Left Carpal Joint, Percutaneous Endoscopic Approach', 5, 1811.64, 4, 'http://dummyimage.com/800x800.bmp/dddddd/000000');
insert into productos (id, name, description, category_id, price, maker_id, image) values (14, 'Female Tonic', 'Supplement Left Spermatic Cord with Nonautologous Tissue Substitute, Percutaneous Endoscopic Approach', 1, 1216.5, 2, 'http://dummyimage.com/800x800.bmp/dddddd/000000');
insert into productos (id, name, description, category_id, price, maker_id, image) values (15, 'Citanest Forte', 'Supplement Mitral Valve created from Left Atrioventricular Valve with Nonautologous Tissue Substitute, Percutaneous Approach', 8, 1013.91, 5, 'http://dummyimage.com/800x800.bmp/ff4444/ffffff');
insert into productos (id, name, description, category_id, price, maker_id, image) values (16, 'Belladonna ex herba 30', 'Detachment at Right Hindquarter, Open Approach', 5, 738.78, 3, 'http://dummyimage.com/800x800.png/dddddd/000000');
insert into productos (id, name, description, category_id, price, maker_id, image) values (17, 'SunDrops 77', 'Destruction of Buttock Subcutaneous Tissue and Fascia, Percutaneous Approach', 8, 1718.08, 4, 'http://dummyimage.com/800x800.bmp/cc0000/ffffff');
insert into productos (id, name, description, category_id, price, maker_id, image) values (18, 'Levetiracetam', 'Restriction of Aortic Lymphatic with Intraluminal Device, Percutaneous Approach', 9, 736.49, 2, 'http://dummyimage.com/800x800.bmp/5fa2dd/ffffff');
insert into productos (id, name, description, category_id, price, maker_id, image) values (19, 'Bio-B Kids', 'Bypass Right Ureter to Cutaneous with Autologous Tissue Substitute, Percutaneous Endoscopic Approach', 4, 1730.82, 7, 'http://dummyimage.com/800x800.jpg/ff4444/ffffff');
insert into productos (id, name, description, category_id, price, maker_id, image) values (20, 'Anticavity', 'Revision of Internal Fixation Device in Right Scapula, External Approach', 2, 514.88, 6, 'http://dummyimage.com/800x800.png/5fa2dd/ffffff');
insert into productos (id, name, description, category_id, price, maker_id, image) values (21, 'Ondansetron', 'Repair Right Thumb, Percutaneous Endoscopic Approach', 5, 1319.17, 5, 'http://dummyimage.com/800x800.png/ff4444/ffffff');
insert into productos (id, name, description, category_id, price, maker_id, image) values (22, 'Adapalene', 'Resection of Glomus Jugulare, Percutaneous Endoscopic Approach', 5, 641.04, 8, 'http://dummyimage.com/800x800.bmp/cc0000/ffffff');
insert into productos (id, name, description, category_id, price, maker_id, image) values (23, 'Apatite Cucurbita', 'Removal of Autologous Tissue Substitute from Hair, External Approach', 8, 1574.45, 8, 'http://dummyimage.com/800x800.jpg/5fa2dd/ffffff');
insert into productos (id, name, description, category_id, price, maker_id, image) values (24, 'Degree', 'Reposition Left Testis, Percutaneous Endoscopic Approach', 1, 1870.77, 3, 'http://dummyimage.com/800x800.jpg/5fa2dd/ffffff');
insert into productos (id, name, description, category_id, price, maker_id, image) values (25, 'Clearskin', 'High Dose Rate (HDR) Brachytherapy of Chest Wall using Iodine 125 (I-125)', 2, 1502.3, 3, 'http://dummyimage.com/800x800.bmp/dddddd/000000');
insert into productos (id, name, description, category_id, price, maker_id, image) values (26, 'Viramune', 'Removal of External Fixation Device from Right Ankle Joint, Percutaneous Approach', 9, 1113.67, 7, 'http://dummyimage.com/800x800.bmp/ff4444/ffffff');
insert into productos (id, name, description, category_id, price, maker_id, image) values (27, 'Famotidine', 'Supplement Left Vocal Cord with Nonautologous Tissue Substitute, Via Natural or Artificial Opening', 2, 937.51, 6, 'http://dummyimage.com/800x800.png/cc0000/ffffff');
insert into productos (id, name, description, category_id, price, maker_id, image) values (28, 'DawnMist Deodorant Bar No. 1 1/2', 'Repair Left Basilic Vein, Percutaneous Approach', 10, 872.03, 10, 'http://dummyimage.com/800x800.png/cc0000/ffffff');
insert into productos (id, name, description, category_id, price, maker_id, image) values (29, 'CLARINS Age-Control Hand SPF 15', 'Insertion of Intraluminal Device into Left External Iliac Vein, Percutaneous Approach', 5, 1254.73, 6, 'http://dummyimage.com/800x800.bmp/dddddd/000000');
insert into productos (id, name, description, category_id, price, maker_id, image) values (30, 'Spironolactone', 'Revision of Autologous Tissue Substitute in Left Scapula, External Approach', 7, 1731.12, 10, 'http://dummyimage.com/800x800.png/5fa2dd/ffffff');
insert into productos (id, name, description, category_id, price, maker_id, image) values (31, 'HUNGARIAN SMOOTH BROME POLLEN', 'Revision of Nonautologous Tissue Substitute in Scrotum and Tunica Vaginalis, Via Natural or Artificial Opening', 5, 534.74, 3, 'http://dummyimage.com/800x800.bmp/ff4444/ffffff');
insert into productos (id, name, description, category_id, price, maker_id, image) values (32, 'Danazol', 'Planar Nuclear Medicine Imaging of Hepatobiliary System, All using Technetium 99m (Tc-99m)', 5, 1776.27, 8, 'http://dummyimage.com/800x800.bmp/dddddd/000000');
insert into productos (id, name, description, category_id, price, maker_id, image) values (33, 'Sinus Rescue', 'Replacement of Left Rib with Nonautologous Tissue Substitute, Percutaneous Approach', 10, 1811.26, 7, 'http://dummyimage.com/800x800.png/dddddd/000000');
insert into productos (id, name, description, category_id, price, maker_id, image) values (34, 'Sodium Sulfacetamide 10 Sulfur 2 cream', 'Removal of Synthetic Substitute from Upper Jaw, Percutaneous Endoscopic Approach', 7, 660.45, 7, 'http://dummyimage.com/800x800.jpg/cc0000/ffffff');
insert into productos (id, name, description, category_id, price, maker_id, image) values (35, 'Degree', 'Alteration of Right Shoulder Region with Synthetic Substitute, Percutaneous Endoscopic Approach', 4, 1320.62, 4, 'http://dummyimage.com/800x800.bmp/ff4444/ffffff');
insert into productos (id, name, description, category_id, price, maker_id, image) values (36, 'Anagrelide Hydrochloride', 'Bypass Right Femoral Vein to Lower Vein, Percutaneous Endoscopic Approach', 1, 1684.68, 7, 'http://dummyimage.com/800x800.jpg/ff4444/ffffff');
insert into productos (id, name, description, category_id, price, maker_id, image) values (37, 'Enalapril Maleate', 'Supplement Right Basilic Vein with Nonautologous Tissue Substitute, Open Approach', 8, 1610.21, 8, 'http://dummyimage.com/800x800.png/cc0000/ffffff');
insert into productos (id, name, description, category_id, price, maker_id, image) values (38, 'Goats Milk', 'Dilation of Left Foot Artery with Four or More Intraluminal Devices, Open Approach', 6, 1167.61, 8, 'http://dummyimage.com/800x800.png/dddddd/000000');
insert into productos (id, name, description, category_id, price, maker_id, image) values (39, 'Sunmark stay awake', 'Revision of Internal Fixation Device in Left Tarsal, Open Approach', 7, 889.45, 9, 'http://dummyimage.com/800x800.jpg/5fa2dd/ffffff');
insert into productos (id, name, description, category_id, price, maker_id, image) values (40, 'Orchard Grass, Standardized', 'Dilation of Aortic Valve with Drug-eluting Intraluminal Device, Open Approach', 4, 1664.84, 6, 'http://dummyimage.com/800x800.png/cc0000/ffffff');
insert into productos (id, name, description, category_id, price, maker_id, image) values (41, 'BROMUS INERMIS POLLEN', 'Removal of Synthetic Substitute from Diaphragm, Via Natural or Artificial Opening Endoscopic', 5, 1817.85, 6, 'http://dummyimage.com/800x800.png/ff4444/ffffff');
insert into productos (id, name, description, category_id, price, maker_id, image) values (42, 'Arizona Cypress', 'Drainage of Right Foot Vein with Drainage Device, Percutaneous Endoscopic Approach', 4, 533.21, 5, 'http://dummyimage.com/800x800.png/cc0000/ffffff');
insert into productos (id, name, description, category_id, price, maker_id, image) values (43, 'AVANDIA', 'Removal of Internal Fixation Device from Right Tarsal Joint, External Approach', 10, 1190.26, 3, 'http://dummyimage.com/800x800.jpg/dddddd/000000');
insert into productos (id, name, description, category_id, price, maker_id, image) values (44, 'Equaline hair regrowth treatment', 'Inspection of Chest Wall, External Approach', 9, 512.38, 1, 'http://dummyimage.com/800x800.png/5fa2dd/ffffff');
insert into productos (id, name, description, category_id, price, maker_id, image) values (45, 'AllergyEase Nut and Seed', 'Drainage of Upper Artery, Percutaneous Approach', 5, 1802.38, 2, 'http://dummyimage.com/800x800.bmp/dddddd/000000');
insert into productos (id, name, description, category_id, price, maker_id, image) values (46, 'Pure Finish Mineral Powder Foundation SPF 20 Pure Finish 8', 'Revision of Extraluminal Device in Lower Artery, Open Approach', 8, 615.37, 10, 'http://dummyimage.com/800x800.png/cc0000/ffffff');
insert into productos (id, name, description, category_id, price, maker_id, image) values (47, 'HydrALAZINE Hydrochloride', 'Destruction of Left Lower Arm and Wrist Muscle, Open Approach', 1, 732.25, 7, 'http://dummyimage.com/800x800.jpg/cc0000/ffffff');
insert into productos (id, name, description, category_id, price, maker_id, image) values (48, 'Mefenamic Acid', 'Introduction of Platelet Inhibitor into Central Vein, Open Approach', 6, 1006.29, 2, 'http://dummyimage.com/800x800.jpg/ff4444/ffffff');
insert into productos (id, name, description, category_id, price, maker_id, image) values (49, 'Brewers Yeast', 'Low Dose Rate (LDR) Brachytherapy of Cervix using Other Isotope', 5, 758.07, 4, 'http://dummyimage.com/800x800.png/5fa2dd/ffffff');
insert into productos (id, name, description, category_id, price, maker_id, image) values (50, 'TOPCARE', 'Dilation of Right Anterior Tibial Artery with Three Drug-eluting Intraluminal Devices, Percutaneous Approach', 1, 1559.33, 8, 'http://dummyimage.com/800x800.png/cc0000/ffffff');

/* POBLANDO TABLA usuarios */
insert into usuarios (id, name, last_name, email, password, image) values (1, 'Channa', 'Pedrielli', 'cpedrielli0@cbc.ca', 'Mgtd6dEU', '');
insert into usuarios (id, name, last_name, email, password, image) values (2, 'Ronni', 'Carrick', 'rcarrick1@linkedin.com', 'zvqeAzuTR', '');
insert into usuarios (id, name, last_name, email, password, image) values (3, 'Papageno', 'Goldney', 'pgoldney2@cafepress.com', 'sGf3JQOkJqhI', '');
insert into usuarios (id, name, last_name, email, password, image) values (4, 'Egan', 'Chippin', 'echippin3@slate.com', 'gN3ZTO', '');
insert into usuarios (id, name, last_name, email, password, image) values (5, 'Leopold', 'Gradly', 'lgradly4@skype.com', 'GL5dnVh', '');
insert into usuarios (id, name, last_name, email, password, image) values (6, 'Faber', 'Clout', 'fclout5@jimdo.com', 'vBLxlSE', '');
insert into usuarios (id, name, last_name, email, password, image) values (7, 'Dorolice', 'Bartlomiejczyk', 'dbartlomiejczyk6@discuz.net', 'Iilj9pSpPM', '');
insert into usuarios (id, name, last_name, email, password, image) values (8, 'Aaren', 'Wathall', 'awathall7@tripod.com', '0z8hxcpnCs', '');
insert into usuarios (id, name, last_name, email, password, image) values (9, 'Micheline', 'Iacobini', 'miacobini8@goodreads.com', 'yAffrut', '');
insert into usuarios (id, name, last_name, email, password, image) values (10, 'Christie', 'Assiter', 'cassiter9@epa.gov', '4fug6r', '');
insert into usuarios (id, name, last_name, email, password, image) values (11, 'Elfie', 'Reaman', 'ereamana@myspace.com', 'GbPuiK', '');
insert into usuarios (id, name, last_name, email, password, image) values (12, 'Hildagard', 'Croot', 'hcrootb@vkontakte.ru', 'qdns0HTZ', '');
insert into usuarios (id, name, last_name, email, password, image) values (13, 'Corrianne', 'Skyram', 'cskyramc@opensource.org', '1QZgyDId9', '');
insert into usuarios (id, name, last_name, email, password, image) values (14, 'Thomas', 'Wissbey', 'twissbeyd@jimdo.com', 'U2Uz5SkZCRF0', '');
insert into usuarios (id, name, last_name, email, password, image) values (15, 'Gordon', 'Stonelake', 'gstonelakee@virginia.edu', 'uJBUDEbj72', '');
insert into usuarios (id, name, last_name, email, password, image) values (16, 'Edy', 'Bellee', 'ebelleef@vkontakte.ru', 'r6g5ghd', '');
insert into usuarios (id, name, last_name, email, password, image) values (17, 'Moll', 'Bleakman', 'mbleakmang@wordpress.com', 'nPJFWweD', '');
insert into usuarios (id, name, last_name, email, password, image) values (18, 'Vaughn', 'Hathwood', 'vhathwoodh@altervista.org', 'uK7VVkI', '');
insert into usuarios (id, name, last_name, email, password, image) values (19, 'Sandra', 'Abbots', 'sabbotsi@newyorker.com', 'l4I8TT1kq', '');
insert into usuarios (id, name, last_name, email, password, image) values (20, 'Nanny', 'Coen', 'ncoenj@tiny.cc', 'q2tbjH7t', '');
insert into usuarios (id, name, last_name, email, password, image) values (21, 'Ernestus', 'Nial', 'enialk@t.co', '6FHxyA', '');
insert into usuarios (id, name, last_name, email, password, image) values (22, 'Darius', 'Byre', 'dbyrel@mit.edu', 'H09EnS', '');
insert into usuarios (id, name, last_name, email, password, image) values (23, 'Selig', 'Halley', 'shalleym@ox.ac.uk', 'TeoGpjYSc', '');
insert into usuarios (id, name, last_name, email, password, image) values (24, 'Noel', 'Eakin', 'neakinn@oaic.gov.au', '2PpmggN', '');
insert into usuarios (id, name, last_name, email, password, image) values (25, 'Andy', 'Oakman', 'aoakmano@mtv.com', 'iYpM1gs', '');
insert into usuarios (id, name, last_name, email, password, image) values (26, 'Vasilis', 'D''Andrea', 'vdandreap@cnn.com', 'Y5YT5KTmt', '');
insert into usuarios (id, name, last_name, email, password, image) values (27, 'Roland', 'MacVean', 'rmacveanq@cmu.edu', 'Jp1cpcx73p', '');
insert into usuarios (id, name, last_name, email, password, image) values (28, 'Kurtis', 'Wisher', 'kwisherr@cargocollective.com', 'BHw6gFqL7', '');
insert into usuarios (id, name, last_name, email, password, image) values (29, 'Kean', 'Blaine', 'kblaines@adobe.com', 'kjFiVnp5mkR', '');
insert into usuarios (id, name, last_name, email, password, image) values (30, 'Albertine', 'Donwell', 'adonwellt@springer.com', 'XiQwv2gHP7bm', '');
insert into usuarios (id, name, last_name, email, password, image) values (31, 'Elyn', 'Christie', 'echristieu@businessweek.com', 'oNpQlg7DSvb', '');
insert into usuarios (id, name, last_name, email, password, image) values (32, 'Hildegaard', 'Krienke', 'hkrienkev@bluehost.com', 'fGnlOsct39Rx', '');
insert into usuarios (id, name, last_name, email, password, image) values (33, 'Andriana', 'Davidovics', 'adavidovicsw@google.it', 'itfgIyCmuutB', '');
insert into usuarios (id, name, last_name, email, password, image) values (34, 'Kearney', 'Caldecott', 'kcaldecottx@imgur.com', 'A3nFxnITM', '');
insert into usuarios (id, name, last_name, email, password, image) values (35, 'Tonia', 'Yoell', 'tyoelly@about.com', 'q1NC6TWCX', '');
insert into usuarios (id, name, last_name, email, password, image) values (36, 'Derwin', 'Winspear', 'dwinspearz@hibu.com', 'NXENm7', '');
insert into usuarios (id, name, last_name, email, password, image) values (37, 'Baxter', 'Dickinson', 'bdickinson10@hubpages.com', 'djntQ2LaI', '');
insert into usuarios (id, name, last_name, email, password, image) values (38, 'Charlton', 'Elster', 'celster11@rakuten.co.jp', 'ekqtSLYj5o', '');
insert into usuarios (id, name, last_name, email, password, image) values (39, 'Esta', 'Figurski', 'efigurski12@blinklist.com', 'tloT1s2E', '');
insert into usuarios (id, name, last_name, email, password, image) values (40, 'Cob', 'Maving', 'cmaving13@go.com', 'T11eZ8D', '');
insert into usuarios (id, name, last_name, email, password, image) values (41, 'Olivier', 'Chadwyck', 'ochadwyck14@nymag.com', 'AvPrbH7gV993', '');
insert into usuarios (id, name, last_name, email, password, image) values (42, 'Taddeusz', 'Hancorn', 'thancorn15@com.com', 'T3n2A94ACA', '');
insert into usuarios (id, name, last_name, email, password, image) values (43, 'Marsiella', 'Heeps', 'mheeps16@rakuten.co.jp', 'RVL12nc3K5z', '');
insert into usuarios (id, name, last_name, email, password, image) values (44, 'Meggie', 'Eiler', 'meiler17@aol.com', 'oiw6NHhXVu4z', '');
insert into usuarios (id, name, last_name, email, password, image) values (45, 'Darlene', 'Frankland', 'dfrankland18@wikimedia.org', '1yHElgV3qK', '');
insert into usuarios (id, name, last_name, email, password, image) values (46, 'Gannie', 'Reding', 'greding19@google.com.au', 'UweW1WqD', '');
insert into usuarios (id, name, last_name, email, password, image) values (47, 'Dolf', 'Hearmon', 'dhearmon1a@pbs.org', 'B0mA2ut', '');
insert into usuarios (id, name, last_name, email, password, image) values (48, 'Byrle', 'Bruty', 'bbruty1b@addtoany.com', 'X506J5', '');
insert into usuarios (id, name, last_name, email, password, image) values (49, 'Daphene', 'Aggis', 'daggis1c@google.com.au', 'kH6VziAKf', '');
insert into usuarios (id, name, last_name, email, password, image) values (50, 'Constantino', 'Burnyeat', 'cburnyeat1d@illinois.edu', 'HPjX3sbS', '');

/* POBLANDO TABLA carrito */
insert into carrito (id, usuario_id, num_items, precio_total) values (1, 26, 9, 1891);
insert into carrito (id, usuario_id, num_items, precio_total) values (2, 34, 15, 1290);
insert into carrito (id, usuario_id, num_items, precio_total) values (3, 8, 12, 1764);
insert into carrito (id, usuario_id, num_items, precio_total) values (4, 5, 10, 667);
insert into carrito (id, usuario_id, num_items, precio_total) values (5, 29, 8, 945);
insert into carrito (id, usuario_id, num_items, precio_total) values (6, 12, 2, 1881);
insert into carrito (id, usuario_id, num_items, precio_total) values (7, 41, 2, 516);
insert into carrito (id, usuario_id, num_items, precio_total) values (8, 39, 10, 855);
insert into carrito (id, usuario_id, num_items, precio_total) values (9, 15, 6, 356);
insert into carrito (id, usuario_id, num_items, precio_total) values (10, 10, 8, 943);
insert into carrito (id, usuario_id, num_items, precio_total) values (11, 32, 12, 1879);
insert into carrito (id, usuario_id, num_items, precio_total) values (12, 26, 10, 290);
insert into carrito (id, usuario_id, num_items, precio_total) values (13, 25, 15, 1257);
insert into carrito (id, usuario_id, num_items, precio_total) values (14, 38, 4, 1663);
insert into carrito (id, usuario_id, num_items, precio_total) values (15, 41, 7, 1232);
insert into carrito (id, usuario_id, num_items, precio_total) values (16, 45, 10, 1019);
insert into carrito (id, usuario_id, num_items, precio_total) values (17, 17, 11, 287);
insert into carrito (id, usuario_id, num_items, precio_total) values (18, 45, 1, 1344);
insert into carrito (id, usuario_id, num_items, precio_total) values (19, 32, 14, 1909);
insert into carrito (id, usuario_id, num_items, precio_total) values (20, 1, 13, 1681);

/* POBLANDO TABLA producto_carrito */
insert into producto_carrito (id, carrito_id, producto_id) values (1, 20, 32);
insert into producto_carrito (id, carrito_id, producto_id) values (2, 18, 44);
insert into producto_carrito (id, carrito_id, producto_id) values (3, 20, 32);
insert into producto_carrito (id, carrito_id, producto_id) values (4, 3, 35);
insert into producto_carrito (id, carrito_id, producto_id) values (5, 10, 43);
insert into producto_carrito (id, carrito_id, producto_id) values (6, 16, 10);
insert into producto_carrito (id, carrito_id, producto_id) values (7, 10, 39);
insert into producto_carrito (id, carrito_id, producto_id) values (8, 10, 36);
insert into producto_carrito (id, carrito_id, producto_id) values (9, 3, 35);
insert into producto_carrito (id, carrito_id, producto_id) values (10, 3, 18);
insert into producto_carrito (id, carrito_id, producto_id) values (11, 17, 32);
insert into producto_carrito (id, carrito_id, producto_id) values (12, 7, 19);
insert into producto_carrito (id, carrito_id, producto_id) values (13, 14, 44);
insert into producto_carrito (id, carrito_id, producto_id) values (14, 3, 19);
insert into producto_carrito (id, carrito_id, producto_id) values (15, 9, 5);
insert into producto_carrito (id, carrito_id, producto_id) values (16, 8, 33);
insert into producto_carrito (id, carrito_id, producto_id) values (17, 1, 48);
insert into producto_carrito (id, carrito_id, producto_id) values (18, 14, 25);
insert into producto_carrito (id, carrito_id, producto_id) values (19, 9, 45);
insert into producto_carrito (id, carrito_id, producto_id) values (20, 4, 26);